logFile,logIndex,recordIndex,header,updateType,sequenceNumber,eventName,eventRound,runName,runName,runCommand,startTime/Date
2019_R.log,,0,$R,R,24,R.I,Indianapolis 500,IMS,Race,R,26/11/19 12:26
2019_R.log,,1,$R,R,24,R.I,Indianapolis 500,IMS,Race,R,26/11/19 12:26
2019_R.log,,2,$R,R,24,R.I,Indianapolis 500,IMS,Race,R,26/11/19 12:26
2019_R.log,,3,$R,R,24,R.I,Indianapolis 500,IMS,Race,R,26/11/19 12:26
2019_R.log,,4,$R,R,24,R.I,Indianapolis 500,IMS,Race,R,26/11/19 12:26
2019_R.log,,5,$R,R,24,R.I,Indianapolis 500,IMS,Race,R,26/11/19 12:26
2019_R.log,,6,$R,R,24,R.I,Indianapolis 500,IMS,Race,R,26/11/19 12:26
2019_R.log,,7,$R,R,24,R.I,Indianapolis 500,IMS,Race,R,26/11/19 12:26
2019_R.log,,8,$R,R,24,R.I,Indianapolis 500,IMS,Race,R,26/11/19 12:26
2019_R.log,,9,$R,R,24,R.I,Indianapolis 500,IMS,Race,R,26/11/19 12:26
2019_R.log,,10,$R,R,24,R.I,Indianapolis 500,IMS,Race,R,26/11/19 12:26
2019_R.log,,11,$R,R,24,R.I,Indianapolis 500,IMS,Race,R,26/11/19 12:26
2019_R.log,,12,$R,R,24,R.I,Indianapolis 500,IMS,Race,R,26/11/19 12:26
2019_R.log,,13,$R,R,24,R.I,Indianapolis 500,IMS,Race,R,26/11/19 12:26
2019_R.log,,14,$R,R,24,R.I,Indianapolis 500,IMS,Race,R,26/11/19 12:26
2019_R.log,,15,$R,R,24,R.I,Indianapolis 500,IMS,Race,R,26/11/19 12:26
2019_R.log,,16,$R,R,24,R.I,Indianapolis 500,IMS,Race,R,26/11/19 12:26
2019_R.log,,17,$R,R,24,R.I,Indianapolis 500,IMS,Race,R,26/11/19 12:26
2019_R.log,,18,$R,R,24,R.I,Indianapolis 500,IMS,Race,R,26/11/19 12:26
2019_R.log,,19,$R,R,24,R.I,Indianapolis 500,IMS,Race,R,26/11/19 12:26
2019_R.log,,20,$R,R,24,R.I,Indianapolis 500,IMS,Race,R,26/11/19 12:26
2019_R.log,,21,$R,R,24,R.I,Indianapolis 500,IMS,Race,R,26/11/19 12:26
2019_R.log,,22,$R,R,24,R.I,Indianapolis 500,IMS,Race,R,26/11/19 12:26
2019_R.log,,23,$R,R,24,R.I,Indianapolis 500,IMS,Race,R,26/11/19 12:26
2019_R.log,,24,$R,R,24,R.I,Indianapolis 500,IMS,Race,R,26/11/19 12:26
2019_R.log,,25,$R,R,24,R.I,Indianapolis 500,IMS,Race,R,26/11/19 12:26
2019_R.log,,26,$R,R,24,R.I,Indianapolis 500,IMS,Race,R,26/11/19 12:26
2019_R.log,,27,$R,R,24,R.I,Indianapolis 500,IMS,Race,R,26/11/19 12:26
2019_R.log,,28,$R,R,24,R.I,Indianapolis 500,IMS,Race,R,26/11/19 12:26
2019_R.log,,29,$R,R,24,R.I,Indianapolis 500,IMS,Race,R,26/11/19 12:26
2019_R.log,,30,$R,R,24,R.I,Indianapolis 500,IMS,Race,R,26/11/19 12:26
2019_R.log,,31,$R,R,24,R.I,Indianapolis 500,IMS,Race,R,26/11/19 12:26
2019_R.log,,32,$R,R,24,R.I,Indianapolis 500,IMS,Race,R,26/11/19 12:26
2019_R.log,,33,$R,R,24,R.I,Indianapolis 500,IMS,Race,R,26/11/19 12:26
2019_R.log,,34,$R,R,24,R.I,Indianapolis 500,IMS,Race,R,26/11/19 12:26
2019_R.log,,35,$R,R,24,R.I,Indianapolis 500,IMS,Race,R,26/11/19 12:26
2019_R.log,,36,$R,R,24,R.I,Indianapolis 500,IMS,Race,R,26/11/19 12:26
2019_R.log,,37,$R,R,24,R.I,Indianapolis 500,IMS,Race,R,26/11/19 12:26
2019_R.log,,38,$R,R,24,R.I,Indianapolis 500,IMS,Race,R,26/11/19 12:26
2019_R.log,,39,$R,R,24,R.I,Indianapolis 500,IMS,Race,R,26/11/19 12:26
2019_R.log,,40,$R,R,24,R.I,Indianapolis 500,IMS,Race,R,26/11/19 12:26
2019_R.log,,41,$R,R,24,R.I,Indianapolis 500,IMS,Race,R,26/11/19 12:26
2019_R.log,,42,$R,R,24,R.I,Indianapolis 500,IMS,Race,R,26/11/19 12:26
2019_R.log,,43,$R,R,24,R.I,Indianapolis 500,IMS,Race,R,26/11/19 12:26
2019_R.log,,44,$R,R,24,R.I,Indianapolis 500,IMS,Race,R,26/11/19 12:26
2019_R.log,,45,$R,R,24,R.I,Indianapolis 500,IMS,Race,R,26/11/19 12:26
2019_R.log,,46,$R,R,24,R.I,Indianapolis 500,IMS,Race,R,26/11/19 12:26
2019_R.log,,47,$R,R,24,R.I,Indianapolis 500,IMS,Race,R,26/11/19 12:26
2019_R.log,,48,$R,R,24,R.I,Indianapolis 500,IMS,Race,R,26/11/19 12:26
2019_R.log,,49,$R,R,24,R.I,Indianapolis 500,IMS,Race,R,26/11/19 12:26
2019_R.log,,50,$R,R,24,R.I,Indianapolis 500,IMS,Race,R,26/11/19 12:26
2019_R.log,,51,$R,R,24,R.I,Indianapolis 500,IMS,Race,R,26/11/19 12:26
2019_R.log,,52,$R,R,24,R.I,Indianapolis 500,IMS,Race,R,26/11/19 12:26
2019_R.log,,53,$R,R,24,R.I,Indianapolis 500,IMS,Race,R,26/11/19 12:26
2019_R.log,,54,$R,R,24,R.I,Indianapolis 500,IMS,Race,R,26/11/19 12:26
2019_R.log,,55,$R,R,24,R.I,Indianapolis 500,IMS,Race,R,26/11/19 12:26
2019_R.log,,56,$R,R,24,R.I,Indianapolis 500,IMS,Race,R,26/11/19 12:26
2019_R.log,,57,$R,R,24,R.I,Indianapolis 500,IMS,Race,R,26/11/19 12:26
2019_R.log,,58,$R,R,24,R.I,Indianapolis 500,IMS,Race,R,26/11/19 12:26
2019_R.log,,59,$R,R,24,R.I,Indianapolis 500,IMS,Race,R,26/11/19 12:26
2019_R.log,,60,$R,R,24,R.I,Indianapolis 500,IMS,Race,R,26/11/19 12:26
2019_R.log,,61,$R,R,24,R.I,Indianapolis 500,IMS,Race,R,26/11/19 12:26
2019_R.log,,62,$R,R,24,R.I,Indianapolis 500,IMS,Race,R,26/11/19 12:26
2019_R.log,,63,$R,R,24,R.I,Indianapolis 500,IMS,Race,R,26/11/19 12:26
2019_R.log,,64,$R,R,24,R.I,Indianapolis 500,IMS,Race,R,26/11/19 12:26
2019_R.log,,65,$R,R,24,R.I,Indianapolis 500,IMS,Race,R,26/11/19 12:26
2019_R.log,,66,$R,R,24,R.I,Indianapolis 500,IMS,Race,R,26/11/19 12:26
2019_R.log,,67,$R,R,24,R.I,Indianapolis 500,IMS,Race,R,26/11/19 12:26
2019_R.log,,68,$R,R,24,R.I,Indianapolis 500,IMS,Race,R,26/11/19 12:26
2019_R.log,,69,$R,R,24,R.I,Indianapolis 500,IMS,Race,R,26/11/19 12:26
2019_R.log,,70,$R,R,24,R.I,Indianapolis 500,IMS,Race,R,26/11/19 12:26
2019_R.log,,71,$R,R,24,R.I,Indianapolis 500,IMS,Race,R,26/11/19 12:26
2019_R.log,,72,$R,R,24,R.I,Indianapolis 500,IMS,Race,R,26/11/19 12:26
2019_R.log,,73,$R,R,24,R.I,Indianapolis 500,IMS,Race,R,26/11/19 12:26
2019_R.log,,74,$R,R,24,R.I,Indianapolis 500,IMS,Race,R,26/11/19 12:26
2019_R.log,,75,$R,R,24,R.I,Indianapolis 500,IMS,Race,R,26/11/19 12:26
2019_R.log,,76,$R,R,24,R.I,Indianapolis 500,IMS,Race,R,26/11/19 12:26
2019_R.log,,77,$R,R,24,R.I,Indianapolis 500,IMS,Race,R,26/11/19 12:26
2019_R.log,,78,$R,R,24,R.I,Indianapolis 500,IMS,Race,R,26/11/19 12:26
2019_R.log,,79,$R,R,24,R.I,Indianapolis 500,IMS,Race,R,26/11/19 12:26
2019_R.log,,80,$R,R,24,R.I,Indianapolis 500,IMS,Race,R,26/11/19 12:26
2019_R.log,,81,$R,R,24,R.I,Indianapolis 500,IMS,Race,R,26/11/19 12:26
2019_R.log,,82,$R,R,24,R.I,Indianapolis 500,IMS,Race,R,26/11/19 12:26
2019_R.log,,83,$R,R,24,R.I,Indianapolis 500,IMS,Race,R,26/11/19 12:26
2019_R.log,,84,$R,R,24,R.I,Indianapolis 500,IMS,Race,R,26/11/19 12:26
2019_R.log,,85,$R,R,24,R.I,Indianapolis 500,IMS,Race,R,26/11/19 12:26
2019_R.log,,86,$R,R,24,R.I,Indianapolis 500,IMS,Race,R,26/11/19 12:26
2019_R.log,,87,$R,R,24,R.I,Indianapolis 500,IMS,Race,R,26/11/19 12:26
2019_R.log,,88,$R,R,24,R.I,Indianapolis 500,IMS,Race,R,26/11/19 12:26
2019_R.log,,89,$R,R,24,R.I,Indianapolis 500,IMS,Race,R,26/11/19 12:26
2019_R.log,,90,$R,R,24,R.I,Indianapolis 500,IMS,Race,R,26/11/19 12:26
2019_R.log,,91,$R,R,24,R.I,Indianapolis 500,IMS,Race,R,26/11/19 12:26
2019_R.log,,92,$R,R,24,R.I,Indianapolis 500,IMS,Race,R,26/11/19 12:26
2019_R.log,,93,$R,R,24,R.I,Indianapolis 500,IMS,Race,R,26/11/19 12:26
2019_R.log,,94,$R,R,24,R.I,Indianapolis 500,IMS,Race,R,26/11/19 12:26
2019_R.log,,95,$R,R,24,R.I,Indianapolis 500,IMS,Race,R,26/11/19 12:26
2019_R.log,,96,$R,R,24,R.I,Indianapolis 500,IMS,Race,R,26/11/19 12:26
2019_R.log,,97,$R,R,24,R.I,Indianapolis 500,IMS,Race,R,26/11/19 12:26
2019_R.log,,98,$R,R,24,R.I,Indianapolis 500,IMS,Race,R,26/11/19 12:26
2019_R.log,,99,$R,R,24,R.I,Indianapolis 500,IMS,Race,R,26/11/19 12:26
2019_R.log,,100,$R,R,24,R.I,Indianapolis 500,IMS,Race,R,26/11/19 12:26
2019_R.log,,101,$R,R,24,R.I,Indianapolis 500,IMS,Race,R,26/11/19 12:26
2019_R.log,,102,$R,R,24,R.I,Indianapolis 500,IMS,Race,R,26/11/19 12:26
2019_R.log,,103,$R,R,24,R.I,Indianapolis 500,IMS,Race,R,26/11/19 12:26
2019_R.log,,104,$R,R,24,R.I,Indianapolis 500,IMS,Race,R,26/11/19 12:26
2019_R.log,,105,$R,R,24,R.I,Indianapolis 500,IMS,Race,R,26/11/19 12:26
2019_R.log,,106,$R,R,24,R.I,Indianapolis 500,IMS,Race,R,26/11/19 12:26
2019_R.log,,107,$R,R,24,R.I,Indianapolis 500,IMS,Race,R,26/11/19 12:26
2019_R.log,,108,$R,R,24,R.I,Indianapolis 500,IMS,Race,R,26/11/19 12:26
2019_R.log,,109,$R,R,24,R.I,Indianapolis 500,IMS,Race,R,26/11/19 12:26
2019_R.log,,110,$R,R,24,R.I,Indianapolis 500,IMS,Race,R,26/11/19 12:26
2019_R.log,,111,$R,R,24,R.I,Indianapolis 500,IMS,Race,R,26/11/19 12:26
2019_R.log,,112,$R,R,24,R.I,Indianapolis 500,IMS,Race,R,26/11/19 12:26
2019_R.log,,113,$R,R,24,R.I,Indianapolis 500,IMS,Race,R,26/11/19 12:26
2019_R.log,,114,$R,R,24,R.I,Indianapolis 500,IMS,Race,R,26/11/19 12:26
2019_R.log,,115,$R,R,24,R.I,Indianapolis 500,IMS,Race,R,26/11/19 12:26
2019_R.log,,116,$R,R,24,R.I,Indianapolis 500,IMS,Race,R,26/11/19 12:26
2019_R.log,,117,$R,R,24,R.I,Indianapolis 500,IMS,Race,R,26/11/19 12:26
2019_R.log,,118,$R,R,24,R.I,Indianapolis 500,IMS,Race,R,26/11/19 12:26
2019_R.log,,119,$R,R,24,R.I,Indianapolis 500,IMS,Race,R,26/11/19 12:26
2019_R.log,,120,$R,R,24,R.I,Indianapolis 500,IMS,Race,R,26/11/19 12:26
2019_R.log,,121,$R,R,24,R.I,Indianapolis 500,IMS,Race,R,26/11/19 12:26
2019_R.log,,122,$R,R,24,R.I,Indianapolis 500,IMS,Race,R,26/11/19 12:26
2019_R.log,,123,$R,R,24,R.I,Indianapolis 500,IMS,Race,R,26/11/19 12:26
2019_R.log,,124,$R,R,24,R.I,Indianapolis 500,IMS,Race,R,26/11/19 12:26
2019_R.log,,125,$R,R,24,R.I,Indianapolis 500,IMS,Race,R,26/11/19 12:26
2019_R.log,,126,$R,R,24,R.I,Indianapolis 500,IMS,Race,R,26/11/19 12:26
2019_R.log,,127,$R,R,24,R.I,Indianapolis 500,IMS,Race,R,26/11/19 12:26
2019_R.log,,128,$R,R,24,R.I,Indianapolis 500,IMS,Race,R,26/11/19 12:26
2019_R.log,,129,$R,R,24,R.I,Indianapolis 500,IMS,Race,R,26/11/19 12:26
2019_R.log,,130,$R,R,24,R.I,Indianapolis 500,IMS,Race,R,26/11/19 12:26
2019_R.log,,131,$R,R,24,R.I,Indianapolis 500,IMS,Race,R,26/11/19 12:26
2019_R.log,,132,$R,R,24,R.I,Indianapolis 500,IMS,Race,R,26/11/19 12:26
2019_R.log,,133,$R,R,24,R.I,Indianapolis 500,IMS,Race,R,26/11/19 12:26
2019_R.log,,134,$R,R,24,R.I,Indianapolis 500,IMS,Race,R,26/11/19 12:26
2019_R.log,,135,$R,R,24,R.I,Indianapolis 500,IMS,Race,R,26/11/19 12:26
2019_R.log,,136,$R,R,24,R.I,Indianapolis 500,IMS,Race,R,26/11/19 12:26
2019_R.log,,137,$R,R,24,R.I,Indianapolis 500,IMS,Race,R,26/11/19 12:26
2019_R.log,,138,$R,R,24,R.I,Indianapolis 500,IMS,Race,R,26/11/19 12:26
2019_R.log,,139,$R,R,24,R.I,Indianapolis 500,IMS,Race,R,26/11/19 12:26
2019_R.log,,140,$R,R,24,R.I,Indianapolis 500,IMS,Race,R,26/11/19 12:26
2019_R.log,,141,$R,R,24,R.I,Indianapolis 500,IMS,Race,R,26/11/19 12:26
2019_R.log,,142,$R,R,24,R.I,Indianapolis 500,IMS,Race,R,26/11/19 12:26
2019_R.log,,143,$R,R,24,R.I,Indianapolis 500,IMS,Race,R,26/11/19 12:26
2019_R.log,,144,$R,R,24,R.I,Indianapolis 500,IMS,Race,R,26/11/19 12:26
2019_R.log,,145,$R,R,24,R.I,Indianapolis 500,IMS,Race,R,26/11/19 12:26
2019_R.log,,146,$R,R,24,R.I,Indianapolis 500,IMS,Race,R,26/11/19 12:26
2019_R.log,,147,$R,R,24,R.I,Indianapolis 500,IMS,Race,R,26/11/19 12:26
2019_R.log,,148,$R,R,24,R.I,Indianapolis 500,IMS,Race,R,26/11/19 12:26
2019_R.log,,149,$R,R,24,R.I,Indianapolis 500,IMS,Race,R,26/11/19 12:26
2019_R.log,,150,$R,R,24,R.I,Indianapolis 500,IMS,Race,R,26/11/19 12:26
2019_R.log,,151,$R,R,24,R.I,Indianapolis 500,IMS,Race,R,26/11/19 12:26
2019_R.log,,152,$R,R,24,R.I,Indianapolis 500,IMS,Race,R,26/11/19 12:26
2019_R.log,,153,$R,R,24,R.I,Indianapolis 500,IMS,Race,R,26/11/19 12:26
2019_R.log,,154,$R,R,24,R.I,Indianapolis 500,IMS,Race,R,26/11/19 12:26
2019_R.log,,155,$R,R,24,R.I,Indianapolis 500,IMS,Race,R,26/11/19 12:26
2019_R.log,,156,$R,R,24,R.I,Indianapolis 500,IMS,Race,R,26/11/19 12:26
2019_R.log,,157,$R,R,24,R.I,Indianapolis 500,IMS,Race,R,26/11/19 12:26
2019_R.log,,158,$R,R,24,R.I,Indianapolis 500,IMS,Race,R,26/11/19 12:26
2019_R.log,,159,$R,R,24,R.I,Indianapolis 500,IMS,Race,R,26/11/19 12:26
2019_R.log,,160,$R,R,24,R.I,Indianapolis 500,IMS,Race,R,26/11/19 12:26
2019_R.log,,161,$R,R,24,R.I,Indianapolis 500,IMS,Race,R,26/11/19 12:26
2019_R.log,,162,$R,R,24,R.I,Indianapolis 500,IMS,Race,R,26/11/19 12:26
2019_R.log,,163,$R,R,24,R.I,Indianapolis 500,IMS,Race,R,26/11/19 12:26
2019_R.log,,164,$R,R,24,R.I,Indianapolis 500,IMS,Race,R,26/11/19 12:26
2019_R.log,,165,$R,R,24,R.I,Indianapolis 500,IMS,Race,R,26/11/19 12:26
2019_R.log,,166,$R,R,24,R.I,Indianapolis 500,IMS,Race,R,26/11/19 12:26
2019_R.log,,167,$R,R,24,R.I,Indianapolis 500,IMS,Race,R,26/11/19 12:26
2019_R.log,,168,$R,R,24,R.I,Indianapolis 500,IMS,Race,R,26/11/19 12:26
2019_R.log,,169,$R,R,24,R.I,Indianapolis 500,IMS,Race,R,26/11/19 12:26
2019_R.log,,170,$R,R,24,R.I,Indianapolis 500,IMS,Race,R,26/11/19 12:26
2019_R.log,,171,$R,R,24,R.I,Indianapolis 500,IMS,Race,R,26/11/19 12:26
2019_R.log,,172,$R,R,24,R.I,Indianapolis 500,IMS,Race,R,26/11/19 12:26
2019_R.log,,173,$R,R,24,R.I,Indianapolis 500,IMS,Race,R,26/11/19 12:26
2019_R.log,,174,$R,R,24,R.I,Indianapolis 500,IMS,Race,R,26/11/19 12:26
2019_R.log,,175,$R,R,24,R.I,Indianapolis 500,IMS,Race,R,26/11/19 12:26
2019_R.log,,176,$R,R,24,R.I,Indianapolis 500,IMS,Race,R,26/11/19 12:26
2019_R.log,,177,$R,R,24,R.I,Indianapolis 500,IMS,Race,R,26/11/19 12:26
2019_R.log,,178,$R,R,24,R.I,Indianapolis 500,IMS,Race,R,26/11/19 12:26
2019_R.log,,179,$R,R,24,R.I,Indianapolis 500,IMS,Race,R,26/11/19 12:26
2019_R.log,,180,$R,R,24,R.I,Indianapolis 500,IMS,Race,R,26/11/19 12:26
2019_R.log,,181,$R,R,24,R.I,Indianapolis 500,IMS,Race,R,26/11/19 12:26
2019_R.log,,182,$R,R,24,R.I,Indianapolis 500,IMS,Race,R,26/11/19 12:26
2019_R.log,,183,$R,R,24,R.I,Indianapolis 500,IMS,Race,R,26/11/19 12:26
2019_R.log,,184,$R,R,24,R.I,Indianapolis 500,IMS,Race,R,26/11/19 12:26
2019_R.log,,185,$R,R,24,R.I,Indianapolis 500,IMS,Race,R,26/11/19 12:26
2019_R.log,,186,$R,R,24,R.I,Indianapolis 500,IMS,Race,R,26/11/19 12:26
2019_R.log,,187,$R,R,24,R.I,Indianapolis 500,IMS,Race,R,26/11/19 12:26
2019_R.log,,188,$R,R,24,R.I,Indianapolis 500,IMS,Race,R,26/11/19 12:26
2019_R.log,,189,$R,R,24,R.I,Indianapolis 500,IMS,Race,R,26/11/19 12:26
2019_R.log,,190,$R,R,24,R.I,Indianapolis 500,IMS,Race,R,26/11/19 12:26
2019_R.log,,191,$R,R,24,R.I,Indianapolis 500,IMS,Race,R,26/11/19 12:26
2019_R.log,,192,$R,R,24,R.I,Indianapolis 500,IMS,Race,R,26/11/19 12:26
2019_R.log,,193,$R,R,24,R.I,Indianapolis 500,IMS,Race,R,26/11/19 12:26
2019_R.log,,194,$R,R,24,R.I,Indianapolis 500,IMS,Race,R,26/11/19 12:26
2019_R.log,,195,$R,R,24,R.I,Indianapolis 500,IMS,Race,R,26/11/19 12:26
2019_R.log,,196,$R,R,24,R.I,Indianapolis 500,IMS,Race,R,26/11/19 12:26
2019_R.log,,197,$R,R,24,R.I,Indianapolis 500,IMS,Race,R,26/11/19 12:26
2019_R.log,,198,$R,R,24,R.I,Indianapolis 500,IMS,Race,R,26/11/19 12:26
2019_R.log,,199,$R,R,24,R.I,Indianapolis 500,IMS,Race,R,26/11/19 12:26
2019_R.log,,200,$R,R,24,R.I,Indianapolis 500,IMS,Race,R,26/11/19 12:26
2019_R.log,,201,$R,R,24,R.I,Indianapolis 500,IMS,Race,R,26/11/19 12:26
2019_R.log,,202,$R,R,24,R.I,Indianapolis 500,IMS,Race,R,26/11/19 12:26
2019_R.log,,203,$R,R,24,R.I,Indianapolis 500,IMS,Race,R,26/11/19 12:26
2019_R.log,,204,$R,R,24,R.I,Indianapolis 500,IMS,Race,R,26/11/19 12:26
2019_R.log,,205,$R,R,24,R.I,Indianapolis 500,IMS,Race,R,26/11/19 12:26
2019_R.log,,206,$R,R,24,R.I,Indianapolis 500,IMS,Race,R,26/11/19 12:26
2019_R.log,,207,$R,R,24,R.I,Indianapolis 500,IMS,Race,R,26/11/19 12:26
2019_R.log,,208,$R,R,24,R.I,Indianapolis 500,IMS,Race,R,26/11/19 12:26
2019_R.log,,209,$R,R,24,R.I,Indianapolis 500,IMS,Race,R,26/11/19 12:26
2019_R.log,,210,$R,R,24,R.I,Indianapolis 500,IMS,Race,R,26/11/19 12:26
2019_R.log,,211,$R,R,24,R.I,Indianapolis 500,IMS,Race,R,26/11/19 12:26
2019_R.log,,212,$R,R,24,R.I,Indianapolis 500,IMS,Race,R,26/11/19 12:26
2019_R.log,,213,$R,R,24,R.I,Indianapolis 500,IMS,Race,R,26/11/19 12:26
2019_R.log,,214,$R,R,24,R.I,Indianapolis 500,IMS,Race,R,26/11/19 12:26
2019_R.log,,215,$R,R,24,R.I,Indianapolis 500,IMS,Race,R,26/11/19 12:26
2019_R.log,,216,$R,R,24,R.I,Indianapolis 500,IMS,Race,R,26/11/19 12:26
2019_R.log,,217,$R,R,24,R.I,Indianapolis 500,IMS,Race,R,26/11/19 12:26
2019_R.log,,218,$R,R,24,R.I,Indianapolis 500,IMS,Race,R,26/11/19 12:26
2019_R.log,,219,$R,R,24,R.I,Indianapolis 500,IMS,Race,R,26/11/19 12:26
2019_R.log,,220,$R,R,24,R.I,Indianapolis 500,IMS,Race,R,26/11/19 12:26
2019_R.log,,221,$R,R,24,R.I,Indianapolis 500,IMS,Race,R,26/11/19 12:26
2019_R.log,,222,$R,R,24,R.I,Indianapolis 500,IMS,Race,R,26/11/19 12:26
2019_R.log,,223,$R,R,24,R.I,Indianapolis 500,IMS,Race,R,26/11/19 12:26
2019_R.log,,224,$R,R,24,R.I,Indianapolis 500,IMS,Race,R,26/11/19 12:26
2019_R.log,,225,$R,R,24,R.I,Indianapolis 500,IMS,Race,R,26/11/19 12:26
2019_R.log,,226,$R,R,24,R.I,Indianapolis 500,IMS,Race,R,26/11/19 12:26
2019_R.log,,227,$R,R,24,R.I,Indianapolis 500,IMS,Race,R,26/11/19 12:26
2019_R.log,,228,$R,R,24,R.I,Indianapolis 500,IMS,Race,R,26/11/19 12:26
2019_R.log,,229,$R,R,24,R.I,Indianapolis 500,IMS,Race,R,26/11/19 12:26
2019_R.log,,230,$R,R,24,R.I,Indianapolis 500,IMS,Race,R,26/11/19 12:26
2019_R.log,,231,$R,R,24,R.I,Indianapolis 500,IMS,Race,R,26/11/19 12:26
2019_R.log,,232,$R,R,24,R.I,Indianapolis 500,IMS,Race,R,26/11/19 12:26
2019_R.log,,233,$R,R,24,R.I,Indianapolis 500,IMS,Race,R,26/11/19 12:26
2019_R.log,,234,$R,R,24,R.I,Indianapolis 500,IMS,Race,R,26/11/19 12:26
2019_R.log,,235,$R,R,24,R.I,Indianapolis 500,IMS,Race,R,26/11/19 12:26
2019_R.log,,236,$R,R,24,R.I,Indianapolis 500,IMS,Race,R,26/11/19 12:26
2019_R.log,,237,$R,R,24,R.I,Indianapolis 500,IMS,Race,R,26/11/19 12:26
2019_R.log,,238,$R,R,24,R.I,Indianapolis 500,IMS,Race,R,26/11/19 12:26
2019_R.log,,239,$R,R,24,R.I,Indianapolis 500,IMS,Race,R,26/11/19 12:26
2019_R.log,,240,$R,R,24,R.I,Indianapolis 500,IMS,Race,R,26/11/19 12:26
2019_R.log,,241,$R,R,24,R.I,Indianapolis 500,IMS,Race,R,26/11/19 12:26
2019_R.log,,242,$R,R,24,R.I,Indianapolis 500,IMS,Race,R,26/11/19 12:26
2019_R.log,,243,$R,R,24,R.I,Indianapolis 500,IMS,Race,R,26/11/19 12:26
2019_R.log,,244,$R,R,24,R.I,Indianapolis 500,IMS,Race,R,26/11/19 12:26
2019_R.log,,245,$R,R,24,R.I,Indianapolis 500,IMS,Race,R,26/11/19 12:26
2019_R.log,,246,$R,R,24,R.I,Indianapolis 500,IMS,Race,R,26/11/19 12:26
2019_R.log,,247,$R,R,24,R.I,Indianapolis 500,IMS,Race,R,26/11/19 12:26
2019_R.log,,248,$R,R,24,R.I,Indianapolis 500,IMS,Race,R,26/11/19 12:26
2019_R.log,,249,$R,R,24,R.I,Indianapolis 500,IMS,Race,R,26/11/19 12:26
2019_R.log,,250,$R,R,24,R.I,Indianapolis 500,IMS,Race,R,26/11/19 12:26
2019_R.log,,251,$R,R,24,R.I,Indianapolis 500,IMS,Race,R,26/11/19 12:26
2019_R.log,,252,$R,R,24,R.I,Indianapolis 500,IMS,Race,R,26/11/19 12:26
2019_R.log,,253,$R,R,24,R.I,Indianapolis 500,IMS,Race,R,26/11/19 12:26
2019_R.log,,254,$R,R,24,R.I,Indianapolis 500,IMS,Race,R,26/11/19 12:26
2019_R.log,,255,$R,R,24,R.I,Indianapolis 500,IMS,Race,R,26/11/19 12:26
2019_R.log,,256,$R,R,24,R.I,Indianapolis 500,IMS,Race,R,26/11/19 12:26
2019_R.log,,257,$R,R,24,R.I,Indianapolis 500,IMS,Race,R,26/11/19 12:26
2019_R.log,,258,$R,R,24,R.I,Indianapolis 500,IMS,Race,R,26/11/19 12:26
2019_R.log,,259,$R,R,24,R.I,Indianapolis 500,IMS,Race,R,26/11/19 12:26
2019_R.log,,260,$R,R,24,R.I,Indianapolis 500,IMS,Race,R,26/11/19 12:26
2019_R.log,,261,$R,R,24,R.I,Indianapolis 500,IMS,Race,R,26/11/19 12:26
2019_R.log,,262,$R,R,24,R.I,Indianapolis 500,IMS,Race,R,26/11/19 12:26
2019_R.log,,263,$R,R,24,R.I,Indianapolis 500,IMS,Race,R,26/11/19 12:26
2019_R.log,,264,$R,R,24,R.I,Indianapolis 500,IMS,Race,R,26/11/19 12:26
2019_R.log,,265,$R,R,24,R.I,Indianapolis 500,IMS,Race,R,26/11/19 12:26
2019_R.log,,266,$R,R,24,R.I,Indianapolis 500,IMS,Race,R,26/11/19 12:26
2019_R.log,,267,$R,R,24,R.I,Indianapolis 500,IMS,Race,R,26/11/19 12:26
2019_R.log,,268,$R,R,24,R.I,Indianapolis 500,IMS,Race,R,26/11/19 12:26
2019_R.log,,269,$R,R,24,R.I,Indianapolis 500,IMS,Race,R,26/11/19 12:26
2019_R.log,,270,$R,R,24,R.I,Indianapolis 500,IMS,Race,R,26/11/19 12:26
2019_R.log,,271,$R,R,24,R.I,Indianapolis 500,IMS,Race,R,26/11/19 12:26
2019_R.log,,272,$R,R,24,R.I,Indianapolis 500,IMS,Race,R,26/11/19 12:26
2019_R.log,,273,$R,R,24,R.I,Indianapolis 500,IMS,Race,R,26/11/19 12:26
2019_R.log,,274,$R,R,24,R.I,Indianapolis 500,IMS,Race,R,26/11/19 12:26
2019_R.log,,275,$R,R,24,R.I,Indianapolis 500,IMS,Race,R,26/11/19 12:26
2019_R.log,,276,$R,R,24,R.I,Indianapolis 500,IMS,Race,R,26/11/19 12:26
2019_R.log,,277,$R,R,24,R.I,Indianapolis 500,IMS,Race,R,26/11/19 12:26
2019_R.log,,278,$R,R,24,R.I,Indianapolis 500,IMS,Race,R,26/11/19 12:26
2019_R.log,,279,$R,R,24,R.I,Indianapolis 500,IMS,Race,R,26/11/19 12:26
2019_R.log,,280,$R,R,24,R.I,Indianapolis 500,IMS,Race,R,26/11/19 12:26
2019_R.log,,281,$R,R,24,R.I,Indianapolis 500,IMS,Race,R,26/11/19 12:26
2019_R.log,,282,$R,R,24,R.I,Indianapolis 500,IMS,Race,R,26/11/19 12:26
2019_R.log,,283,$R,R,24,R.I,Indianapolis 500,IMS,Race,R,26/11/19 12:26
2019_R.log,,284,$R,R,24,R.I,Indianapolis 500,IMS,Race,R,26/11/19 12:26
2019_R.log,,285,$R,R,24,R.I,Indianapolis 500,IMS,Race,R,26/11/19 12:26
2019_R.log,,286,$R,R,24,R.I,Indianapolis 500,IMS,Race,R,26/11/19 12:26
2019_R.log,,287,$R,R,24,R.I,Indianapolis 500,IMS,Race,R,26/11/19 12:26
2019_R.log,,288,$R,R,24,R.I,Indianapolis 500,IMS,Race,R,26/11/19 12:26
2019_R.log,,289,$R,R,24,R.I,Indianapolis 500,IMS,Race,R,26/11/19 12:26
2019_R.log,,290,$R,R,24,R.I,Indianapolis 500,IMS,Race,R,26/11/19 12:26
2019_R.log,,291,$R,R,24,R.I,Indianapolis 500,IMS,Race,R,26/11/19 12:26
2019_R.log,,292,$R,R,24,R.I,Indianapolis 500,IMS,Race,R,26/11/19 12:26
2019_R.log,,293,$R,R,24,R.I,Indianapolis 500,IMS,Race,R,26/11/19 12:26
2019_R.log,,294,$R,R,24,R.I,Indianapolis 500,IMS,Race,R,26/11/19 12:26
2019_R.log,,295,$R,R,24,R.I,Indianapolis 500,IMS,Race,R,26/11/19 12:26
2019_R.log,,296,$R,R,24,R.I,Indianapolis 500,IMS,Race,R,26/11/19 12:26
2019_R.log,,297,$R,R,24,R.I,Indianapolis 500,IMS,Race,R,26/11/19 12:26
2019_R.log,,298,$R,R,24,R.I,Indianapolis 500,IMS,Race,R,26/11/19 12:26
2019_R.log,,299,$R,R,24,R.I,Indianapolis 500,IMS,Race,R,26/11/19 12:26
2019_R.log,,300,$R,R,24,R.I,Indianapolis 500,IMS,Race,R,26/11/19 12:26
2019_R.log,,301,$R,R,24,R.I,Indianapolis 500,IMS,Race,R,26/11/19 12:26
2019_R.log,,302,$R,R,24,R.I,Indianapolis 500,IMS,Race,R,26/11/19 12:26
2019_R.log,,303,$R,R,24,R.I,Indianapolis 500,IMS,Race,R,26/11/19 12:26
2019_R.log,,304,$R,R,24,R.I,Indianapolis 500,IMS,Race,R,26/11/19 12:26
2019_R.log,,305,$R,R,24,R.I,Indianapolis 500,IMS,Race,R,26/11/19 12:26
2019_R.log,,306,$R,R,24,R.I,Indianapolis 500,IMS,Race,R,26/11/19 12:26
2019_R.log,,307,$R,R,24,R.I,Indianapolis 500,IMS,Race,R,26/11/19 12:26
2019_R.log,,308,$R,R,24,R.I,Indianapolis 500,IMS,Race,R,26/11/19 12:26
2019_R.log,,309,$R,R,24,R.I,Indianapolis 500,IMS,Race,R,26/11/19 12:26
2019_R.log,,310,$R,R,24,R.I,Indianapolis 500,IMS,Race,R,26/11/19 12:26
2019_R.log,,311,$R,R,24,R.I,Indianapolis 500,IMS,Race,R,26/11/19 12:26
2019_R.log,,312,$R,R,24,R.I,Indianapolis 500,IMS,Race,R,26/11/19 12:26
2019_R.log,,313,$R,R,24,R.I,Indianapolis 500,IMS,Race,R,26/11/19 12:26
2019_R.log,,314,$R,R,24,R.I,Indianapolis 500,IMS,Race,R,26/11/19 12:26
2019_R.log,,315,$R,R,24,R.I,Indianapolis 500,IMS,Race,R,26/11/19 12:26
2019_R.log,,316,$R,R,24,R.I,Indianapolis 500,IMS,Race,R,26/11/19 12:26
2019_R.log,,317,$R,R,24,R.I,Indianapolis 500,IMS,Race,R,26/11/19 12:26
2019_R.log,,318,$R,R,24,R.I,Indianapolis 500,IMS,Race,R,26/11/19 12:26
2019_R.log,,319,$R,R,24,R.I,Indianapolis 500,IMS,Race,R,26/11/19 12:26
2019_R.log,,320,$R,R,24,R.I,Indianapolis 500,IMS,Race,R,26/11/19 12:26
2019_R.log,,321,$R,R,24,R.I,Indianapolis 500,IMS,Race,R,26/11/19 12:26
2019_R.log,,322,$R,R,24,R.I,Indianapolis 500,IMS,Race,R,26/11/19 12:26
2019_R.log,,323,$R,R,24,R.I,Indianapolis 500,IMS,Race,R,26/11/19 12:26
2019_R.log,,324,$R,R,24,R.I,Indianapolis 500,IMS,Race,R,26/11/19 12:26
2019_R.log,,325,$R,R,24,R.I,Indianapolis 500,IMS,Race,R,26/11/19 12:26
2019_R.log,,326,$R,R,24,R.I,Indianapolis 500,IMS,Race,R,26/11/19 12:26
2019_R.log,,327,$R,R,24,R.I,Indianapolis 500,IMS,Race,R,26/11/19 12:26
2019_R.log,,328,$R,R,24,R.I,Indianapolis 500,IMS,Race,R,26/11/19 12:26
2019_R.log,,329,$R,R,24,R.I,Indianapolis 500,IMS,Race,R,26/11/19 12:26
2019_R.log,,330,$R,R,24,R.I,Indianapolis 500,IMS,Race,R,26/11/19 12:26
2019_R.log,,331,$R,R,24,R.I,Indianapolis 500,IMS,Race,R,26/11/19 12:26
2019_R.log,,332,$R,R,24,R.I,Indianapolis 500,IMS,Race,R,26/11/19 12:26
2019_R.log,,333,$R,R,24,R.I,Indianapolis 500,IMS,Race,R,26/11/19 12:26
2019_R.log,,334,$R,R,24,R.I,Indianapolis 500,IMS,Race,R,26/11/19 12:26
2019_R.log,,335,$R,R,24,R.I,Indianapolis 500,IMS,Race,R,26/11/19 12:26
2019_R.log,,336,$R,R,24,R.I,Indianapolis 500,IMS,Race,R,26/11/19 12:26
2019_R.log,,337,$R,R,24,R.I,Indianapolis 500,IMS,Race,R,26/11/19 12:26
2019_R.log,,338,$R,R,24,R.I,Indianapolis 500,IMS,Race,R,26/11/19 12:26
2019_R.log,,339,$R,R,24,R.I,Indianapolis 500,IMS,Race,R,26/11/19 12:26
2019_R.log,,340,$R,R,24,R.I,Indianapolis 500,IMS,Race,R,26/11/19 12:26
2019_R.log,,341,$R,R,24,R.I,Indianapolis 500,IMS,Race,R,26/11/19 12:26
2019_R.log,,342,$R,R,24,R.I,Indianapolis 500,IMS,Race,R,26/11/19 12:26
2019_R.log,,343,$R,R,24,R.I,Indianapolis 500,IMS,Race,R,26/11/19 12:26
2019_R.log,,344,$R,R,24,R.I,Indianapolis 500,IMS,Race,R,26/11/19 12:26
2019_R.log,,345,$R,R,24,R.I,Indianapolis 500,IMS,Race,R,26/11/19 12:26
2019_R.log,,346,$R,R,24,R.I,Indianapolis 500,IMS,Race,R,26/11/19 12:26
2019_R.log,,347,$R,R,24,R.I,Indianapolis 500,IMS,Race,R,26/11/19 12:26
2019_R.log,,348,$R,R,24,R.I,Indianapolis 500,IMS,Race,R,26/11/19 12:26
2019_R.log,,349,$R,R,24,R.I,Indianapolis 500,IMS,Race,R,26/11/19 12:26
2019_R.log,,350,$R,R,24,R.I,Indianapolis 500,IMS,Race,R,26/11/19 12:26
2019_R.log,,351,$R,R,24,R.I,Indianapolis 500,IMS,Race,R,26/11/19 12:26
2019_R.log,,352,$R,R,24,R.I,Indianapolis 500,IMS,Race,R,26/11/19 12:26
2019_R.log,,353,$R,R,24,R.I,Indianapolis 500,IMS,Race,R,26/11/19 12:26
2019_R.log,,354,$R,R,24,R.I,Indianapolis 500,IMS,Race,R,26/11/19 12:26
2019_R.log,,355,$R,R,24,R.I,Indianapolis 500,IMS,Race,R,26/11/19 12:26
2019_R.log,,356,$R,R,24,R.I,Indianapolis 500,IMS,Race,R,26/11/19 12:26
2019_R.log,,357,$R,R,24,R.I,Indianapolis 500,IMS,Race,R,26/11/19 12:26
2019_R.log,,358,$R,R,24,R.I,Indianapolis 500,IMS,Race,R,26/11/19 12:26
2019_R.log,,359,$R,R,24,R.I,Indianapolis 500,IMS,Race,R,26/11/19 12:26
2019_R.log,,360,$R,R,24,R.I,Indianapolis 500,IMS,Race,R,26/11/19 12:26
2019_R.log,,361,$R,R,24,R.I,Indianapolis 500,IMS,Race,R,26/11/19 12:26
2019_R.log,,362,$R,R,24,R.I,Indianapolis 500,IMS,Race,R,26/11/19 12:26
2019_R.log,,363,$R,R,24,R.I,Indianapolis 500,IMS,Race,R,26/11/19 12:26
2019_R.log,,364,$R,R,24,R.I,Indianapolis 500,IMS,Race,R,26/11/19 12:26
2019_R.log,,365,$R,R,24,R.I,Indianapolis 500,IMS,Race,R,26/11/19 12:26
2019_R.log,,366,$R,R,24,R.I,Indianapolis 500,IMS,Race,R,26/11/19 12:26
2019_R.log,,367,$R,R,24,R.I,Indianapolis 500,IMS,Race,R,26/11/19 12:26
2019_R.log,,368,$R,R,24,R.I,Indianapolis 500,IMS,Race,R,26/11/19 12:26
2019_R.log,,369,$R,R,24,R.I,Indianapolis 500,IMS,Race,R,26/11/19 12:26
2019_R.log,,370,$R,R,24,R.I,Indianapolis 500,IMS,Race,R,26/11/19 12:26
2019_R.log,,371,$R,R,24,R.I,Indianapolis 500,IMS,Race,R,26/11/19 12:26
2019_R.log,,372,$R,R,24,R.I,Indianapolis 500,IMS,Race,R,26/11/19 12:26
2019_R.log,,373,$R,R,24,R.I,Indianapolis 500,IMS,Race,R,26/11/19 12:26
2019_R.log,,374,$R,R,24,R.I,Indianapolis 500,IMS,Race,R,26/11/19 12:26
2019_R.log,,375,$R,R,24,R.I,Indianapolis 500,IMS,Race,R,26/11/19 12:26
2019_R.log,,376,$R,R,24,R.I,Indianapolis 500,IMS,Race,R,26/11/19 12:26
2019_R.log,,377,$R,R,24,R.I,Indianapolis 500,IMS,Race,R,26/11/19 12:26
2019_R.log,,378,$R,R,24,R.I,Indianapolis 500,IMS,Race,R,26/11/19 12:26
2019_R.log,,379,$R,R,24,R.I,Indianapolis 500,IMS,Race,R,26/11/19 12:26
2019_R.log,,380,$R,R,24,R.I,Indianapolis 500,IMS,Race,R,26/11/19 12:26
2019_R.log,,381,$R,R,24,R.I,Indianapolis 500,IMS,Race,R,26/11/19 12:26
2019_R.log,,382,$R,R,24,R.I,Indianapolis 500,IMS,Race,R,26/11/19 12:26
2019_R.log,,383,$R,R,24,R.I,Indianapolis 500,IMS,Race,R,26/11/19 12:26
2019_R.log,,384,$R,R,24,R.I,Indianapolis 500,IMS,Race,R,26/11/19 12:26
2019_R.log,,385,$R,R,24,R.I,Indianapolis 500,IMS,Race,R,26/11/19 12:26
2019_R.log,,386,$R,R,24,R.I,Indianapolis 500,IMS,Race,R,26/11/19 12:26
2019_R.log,,387,$R,R,24,R.I,Indianapolis 500,IMS,Race,R,26/11/19 12:26
2019_R.log,,388,$R,R,24,R.I,Indianapolis 500,IMS,Race,R,26/11/19 12:26
2019_R.log,,389,$R,R,24,R.I,Indianapolis 500,IMS,Race,R,26/11/19 12:26
2019_R.log,,390,$R,R,24,R.I,Indianapolis 500,IMS,Race,R,26/11/19 12:26
2019_R.log,,391,$R,R,24,R.I,Indianapolis 500,IMS,Race,R,26/11/19 12:26
2019_R.log,,392,$R,R,24,R.I,Indianapolis 500,IMS,Race,R,26/11/19 12:26
2019_R.log,,393,$R,R,24,R.I,Indianapolis 500,IMS,Race,R,26/11/19 12:26
2019_R.log,,394,$R,R,24,R.I,Indianapolis 500,IMS,Race,R,26/11/19 12:26
2019_R.log,,395,$R,R,24,R.I,Indianapolis 500,IMS,Race,R,26/11/19 12:26
2019_R.log,,396,$R,R,24,R.I,Indianapolis 500,IMS,Race,R,26/11/19 12:26
2019_R.log,,397,$R,R,24,R.I,Indianapolis 500,IMS,Race,R,26/11/19 12:26
2019_R.log,,398,$R,R,24,R.I,Indianapolis 500,IMS,Race,R,26/11/19 12:26
2019_R.log,,399,$R,R,24,R.I,Indianapolis 500,IMS,Race,R,26/11/19 12:26
2019_R.log,,400,$R,R,24,R.I,Indianapolis 500,IMS,Race,R,26/11/19 12:26
2019_R.log,,401,$R,R,24,R.I,Indianapolis 500,IMS,Race,R,26/11/19 12:26
2019_R.log,,402,$R,R,24,R.I,Indianapolis 500,IMS,Race,R,26/11/19 12:26
2019_R.log,,403,$R,R,24,R.I,Indianapolis 500,IMS,Race,R,26/11/19 12:26
2019_R.log,,404,$R,R,24,R.I,Indianapolis 500,IMS,Race,R,26/11/19 12:26
2019_R.log,,405,$R,R,24,R.I,Indianapolis 500,IMS,Race,R,26/11/19 12:26
2019_R.log,,406,$R,R,24,R.I,Indianapolis 500,IMS,Race,R,26/11/19 12:26
2019_R.log,,407,$R,R,24,R.I,Indianapolis 500,IMS,Race,R,26/11/19 12:26
2019_R.log,,408,$R,R,24,R.I,Indianapolis 500,IMS,Race,R,26/11/19 12:26
2019_R.log,,409,$R,R,24,R.I,Indianapolis 500,IMS,Race,R,26/11/19 12:26
2019_R.log,,410,$R,R,24,R.I,Indianapolis 500,IMS,Race,R,26/11/19 12:26
2019_R.log,,411,$R,R,24,R.I,Indianapolis 500,IMS,Race,R,26/11/19 12:26
2019_R.log,,412,$R,R,24,R.I,Indianapolis 500,IMS,Race,R,26/11/19 12:26
2019_R.log,,413,$R,R,24,R.I,Indianapolis 500,IMS,Race,R,26/11/19 12:26
2019_R.log,,414,$R,R,24,R.I,Indianapolis 500,IMS,Race,R,26/11/19 12:26
2019_R.log,,415,$R,R,24,R.I,Indianapolis 500,IMS,Race,R,26/11/19 12:26
2019_R.log,,416,$R,R,24,R.I,Indianapolis 500,IMS,Race,R,26/11/19 12:26
2019_R.log,,417,$R,R,24,R.I,Indianapolis 500,IMS,Race,R,26/11/19 12:26
2019_R.log,,418,$R,R,24,R.I,Indianapolis 500,IMS,Race,R,26/11/19 12:26
2019_R.log,,419,$R,R,24,R.I,Indianapolis 500,IMS,Race,R,26/11/19 12:26
2019_R.log,,420,$R,R,24,R.I,Indianapolis 500,IMS,Race,R,26/11/19 12:26
2019_R.log,,421,$R,R,24,R.I,Indianapolis 500,IMS,Race,R,26/11/19 12:26
2019_R.log,,422,$R,R,24,R.I,Indianapolis 500,IMS,Race,R,26/11/19 12:26
2019_R.log,,423,$R,R,24,R.I,Indianapolis 500,IMS,Race,R,26/11/19 12:26
2019_R.log,,424,$R,R,24,R.I,Indianapolis 500,IMS,Race,R,26/11/19 12:26
2019_R.log,,425,$R,R,24,R.I,Indianapolis 500,IMS,Race,R,26/11/19 12:26
2019_R.log,,426,$R,R,24,R.I,Indianapolis 500,IMS,Race,R,26/11/19 12:26
2019_R.log,,427,$R,R,24,R.I,Indianapolis 500,IMS,Race,R,26/11/19 12:26
2019_R.log,,428,$R,R,24,R.I,Indianapolis 500,IMS,Race,R,26/11/19 12:26
2019_R.log,,429,$R,R,24,R.I,Indianapolis 500,IMS,Race,R,26/11/19 12:26
2019_R.log,,430,$R,R,24,R.I,Indianapolis 500,IMS,Race,R,26/11/19 12:26
2019_R.log,,431,$R,R,24,R.I,Indianapolis 500,IMS,Race,R,26/11/19 12:26
2019_R.log,,432,$R,R,24,R.I,Indianapolis 500,IMS,Race,R,26/11/19 12:26
2019_R.log,,433,$R,R,24,R.I,Indianapolis 500,IMS,Race,R,26/11/19 12:26
2019_R.log,,434,$R,R,24,R.I,Indianapolis 500,IMS,Race,R,26/11/19 12:26
2019_R.log,,435,$R,R,24,R.I,Indianapolis 500,IMS,Race,R,26/11/19 12:26
2019_R.log,,436,$R,R,24,R.I,Indianapolis 500,IMS,Race,R,26/11/19 12:26
2019_R.log,,437,$R,R,24,R.I,Indianapolis 500,IMS,Race,R,26/11/19 12:26
2019_R.log,,438,$R,R,24,R.I,Indianapolis 500,IMS,Race,R,26/11/19 12:26
2019_R.log,,439,$R,R,24,R.I,Indianapolis 500,IMS,Race,R,26/11/19 12:26
2019_R.log,,440,$R,R,24,R.I,Indianapolis 500,IMS,Race,R,26/11/19 12:26
2019_R.log,,441,$R,R,24,R.I,Indianapolis 500,IMS,Race,R,26/11/19 12:26
2019_R.log,,442,$R,R,24,R.I,Indianapolis 500,IMS,Race,R,26/11/19 12:26
2019_R.log,,443,$R,R,24,R.I,Indianapolis 500,IMS,Race,R,26/11/19 12:26
2019_R.log,,444,$R,R,24,R.I,Indianapolis 500,IMS,Race,R,26/11/19 12:26
2019_R.log,,445,$R,R,24,R.I,Indianapolis 500,IMS,Race,R,26/11/19 12:26
2019_R.log,,446,$R,R,24,R.I,Indianapolis 500,IMS,Race,R,26/11/19 12:26
2019_R.log,,447,$R,R,24,R.I,Indianapolis 500,IMS,Race,R,26/11/19 12:26
2019_R.log,,448,$R,R,24,R.I,Indianapolis 500,IMS,Race,R,26/11/19 12:26
2019_R.log,,449,$R,R,24,R.I,Indianapolis 500,IMS,Race,R,26/11/19 12:26
2019_R.log,,450,$R,R,24,R.I,Indianapolis 500,IMS,Race,R,26/11/19 12:26
2019_R.log,,451,$R,R,24,R.I,Indianapolis 500,IMS,Race,R,26/11/19 12:26
2019_R.log,,452,$R,R,24,R.I,Indianapolis 500,IMS,Race,R,26/11/19 12:26
2019_R.log,,453,$R,R,24,R.I,Indianapolis 500,IMS,Race,R,26/11/19 12:26
2019_R.log,,454,$R,R,24,R.I,Indianapolis 500,IMS,Race,R,26/11/19 12:26
2019_R.log,,455,$R,R,24,R.I,Indianapolis 500,IMS,Race,R,26/11/19 12:26
2019_R.log,,456,$R,R,24,R.I,Indianapolis 500,IMS,Race,R,26/11/19 12:26
2019_R.log,,457,$R,R,24,R.I,Indianapolis 500,IMS,Race,R,26/11/19 12:26
2019_R.log,,458,$R,R,24,R.I,Indianapolis 500,IMS,Race,R,26/11/19 12:26
2019_R.log,,459,$R,R,24,R.I,Indianapolis 500,IMS,Race,R,26/11/19 12:26
2019_R.log,,460,$R,R,24,R.I,Indianapolis 500,IMS,Race,R,26/11/19 12:26
2019_R.log,,461,$R,R,24,R.I,Indianapolis 500,IMS,Race,R,26/11/19 12:26
2019_R.log,,462,$R,R,24,R.I,Indianapolis 500,IMS,Race,R,26/11/19 12:26
2019_R.log,,463,$R,R,24,R.I,Indianapolis 500,IMS,Race,R,26/11/19 12:26
2019_R.log,,464,$R,R,24,R.I,Indianapolis 500,IMS,Race,R,26/11/19 12:26
2019_R.log,,465,$R,R,24,R.I,Indianapolis 500,IMS,Race,R,26/11/19 12:26
2019_R.log,,466,$R,R,24,R.I,Indianapolis 500,IMS,Race,R,26/11/19 12:26
2019_R.log,,467,$R,R,24,R.I,Indianapolis 500,IMS,Race,R,26/11/19 12:26
2019_R.log,,468,$R,R,24,R.I,Indianapolis 500,IMS,Race,R,26/11/19 12:26
2019_R.log,,469,$R,R,24,R.I,Indianapolis 500,IMS,Race,R,26/11/19 12:26
2019_R.log,,470,$R,R,24,R.I,Indianapolis 500,IMS,Race,R,26/11/19 12:26
2019_R.log,,471,$R,R,24,R.I,Indianapolis 500,IMS,Race,R,26/11/19 12:26
2019_R.log,,472,$R,R,24,R.I,Indianapolis 500,IMS,Race,R,26/11/19 12:26
2019_R.log,,473,$R,R,24,R.I,Indianapolis 500,IMS,Race,R,26/11/19 12:26
2019_R.log,,474,$R,R,24,R.I,Indianapolis 500,IMS,Race,R,26/11/19 12:26
2019_R.log,,475,$R,R,24,R.I,Indianapolis 500,IMS,Race,R,26/11/19 12:26
2019_R.log,,476,$R,R,24,R.I,Indianapolis 500,IMS,Race,R,26/11/19 12:26
2019_R.log,,477,$R,R,24,R.I,Indianapolis 500,IMS,Race,R,26/11/19 12:26
2019_R.log,,478,$R,R,24,R.I,Indianapolis 500,IMS,Race,R,26/11/19 12:26
2019_R.log,,479,$R,R,24,R.I,Indianapolis 500,IMS,Race,R,26/11/19 12:26
2019_R.log,,480,$R,R,24,R.I,Indianapolis 500,IMS,Race,R,26/11/19 12:26
2019_R.log,,481,$R,R,24,R.I,Indianapolis 500,IMS,Race,R,26/11/19 12:26
2019_R.log,,482,$R,R,24,R.I,Indianapolis 500,IMS,Race,R,26/11/19 12:26
2019_R.log,,483,$R,R,24,R.I,Indianapolis 500,IMS,Race,R,26/11/19 12:26
2019_R.log,,484,$R,R,24,R.I,Indianapolis 500,IMS,Race,R,26/11/19 12:26
2019_R.log,,485,$R,R,24,R.I,Indianapolis 500,IMS,Race,R,26/11/19 12:26
2019_R.log,,486,$R,R,24,R.I,Indianapolis 500,IMS,Race,R,26/11/19 12:26
2019_R.log,,487,$R,R,24,R.I,Indianapolis 500,IMS,Race,R,26/11/19 12:26
2019_R.log,,488,$R,R,24,R.I,Indianapolis 500,IMS,Race,R,26/11/19 12:26
2019_R.log,,489,$R,R,24,R.I,Indianapolis 500,IMS,Race,R,26/11/19 12:26
2019_R.log,,490,$R,R,24,R.I,Indianapolis 500,IMS,Race,R,26/11/19 12:26
2019_R.log,,491,$R,R,24,R.I,Indianapolis 500,IMS,Race,R,26/11/19 12:26
2019_R.log,,492,$R,R,24,R.I,Indianapolis 500,IMS,Race,R,26/11/19 12:26
2019_R.log,,493,$R,R,24,R.I,Indianapolis 500,IMS,Race,R,26/11/19 12:26
2019_R.log,,494,$R,R,24,R.I,Indianapolis 500,IMS,Race,R,26/11/19 12:26
2019_R.log,,495,$R,R,24,R.I,Indianapolis 500,IMS,Race,R,26/11/19 12:26
2019_R.log,,496,$R,R,24,R.I,Indianapolis 500,IMS,Race,R,26/11/19 12:26
2019_R.log,,497,$R,R,24,R.I,Indianapolis 500,IMS,Race,R,26/11/19 12:26
2019_R.log,,498,$R,R,24,R.I,Indianapolis 500,IMS,Race,R,26/11/19 12:26
2019_R.log,,499,$R,R,24,R.I,Indianapolis 500,IMS,Race,R,26/11/19 12:26
2019_R.log,,500,$R,R,24,R.I,Indianapolis 500,IMS,Race,R,26/11/19 12:26
2019_R.log,,501,$R,R,24,R.I,Indianapolis 500,IMS,Race,R,26/11/19 12:26
2019_R.log,,502,$R,R,24,R.I,Indianapolis 500,IMS,Race,R,26/11/19 12:26
2019_R.log,,503,$R,R,24,R.I,Indianapolis 500,IMS,Race,R,26/11/19 12:26
2019_R.log,,504,$R,R,24,R.I,Indianapolis 500,IMS,Race,R,26/11/19 12:26
2019_R.log,,505,$R,R,24,R.I,Indianapolis 500,IMS,Race,R,26/11/19 12:26
2019_R.log,,506,$R,R,24,R.I,Indianapolis 500,IMS,Race,R,26/11/19 12:26
2019_R.log,,507,$R,R,24,R.I,Indianapolis 500,IMS,Race,R,26/11/19 12:26
2019_R.log,,508,$R,R,24,R.I,Indianapolis 500,IMS,Race,R,26/11/19 12:26
2019_R.log,,509,$R,R,24,R.I,Indianapolis 500,IMS,Race,R,26/11/19 12:26
2019_R.log,,510,$R,R,24,R.I,Indianapolis 500,IMS,Race,R,26/11/19 12:26
2019_R.log,,511,$R,R,24,R.I,Indianapolis 500,IMS,Race,R,26/11/19 12:26
2019_R.log,,512,$R,R,24,R.I,Indianapolis 500,IMS,Race,R,26/11/19 12:26
2019_R.log,,513,$R,R,24,R.I,Indianapolis 500,IMS,Race,R,26/11/19 12:26
2019_R.log,,514,$R,R,24,R.I,Indianapolis 500,IMS,Race,R,26/11/19 12:26
2019_R.log,,515,$R,R,24,R.I,Indianapolis 500,IMS,Race,R,26/11/19 12:26
2019_R.log,,516,$R,R,24,R.I,Indianapolis 500,IMS,Race,R,26/11/19 12:26
2019_R.log,,517,$R,R,24,R.I,Indianapolis 500,IMS,Race,R,26/11/19 12:26
2019_R.log,,518,$R,R,24,R.I,Indianapolis 500,IMS,Race,R,26/11/19 12:26
2019_R.log,,519,$R,R,24,R.I,Indianapolis 500,IMS,Race,R,26/11/19 12:26
2019_R.log,,520,$R,R,24,R.I,Indianapolis 500,IMS,Race,R,26/11/19 12:26
2019_R.log,,521,$R,R,24,R.I,Indianapolis 500,IMS,Race,R,26/11/19 12:26
2019_R.log,,522,$R,R,24,R.I,Indianapolis 500,IMS,Race,R,26/11/19 12:26
2019_R.log,,523,$R,R,24,R.I,Indianapolis 500,IMS,Race,R,26/11/19 12:26
2019_R.log,,524,$R,R,24,R.I,Indianapolis 500,IMS,Race,R,26/11/19 12:26
2019_R.log,,525,$R,R,24,R.I,Indianapolis 500,IMS,Race,R,26/11/19 12:26
2019_R.log,,526,$R,R,24,R.I,Indianapolis 500,IMS,Race,R,26/11/19 12:26
2019_R.log,,527,$R,R,24,R.I,Indianapolis 500,IMS,Race,R,26/11/19 12:26
2019_R.log,,528,$R,R,24,R.I,Indianapolis 500,IMS,Race,R,26/11/19 12:26
2019_R.log,,529,$R,R,24,R.I,Indianapolis 500,IMS,Race,R,26/11/19 12:26
2019_R.log,,530,$R,R,24,R.I,Indianapolis 500,IMS,Race,R,26/11/19 12:26
2019_R.log,,531,$R,R,24,R.I,Indianapolis 500,IMS,Race,R,26/11/19 12:26
2019_R.log,,532,$R,R,24,R.I,Indianapolis 500,IMS,Race,R,26/11/19 12:26
2019_R.log,,533,$R,R,24,R.I,Indianapolis 500,IMS,Race,R,26/11/19 12:26
2019_R.log,,534,$R,R,24,R.I,Indianapolis 500,IMS,Race,R,26/11/19 12:26
2019_R.log,,535,$R,R,24,R.I,Indianapolis 500,IMS,Race,R,26/11/19 12:26
2019_R.log,,536,$R,R,24,R.I,Indianapolis 500,IMS,Race,R,26/11/19 12:26
2019_R.log,,537,$R,R,24,R.I,Indianapolis 500,IMS,Race,R,26/11/19 12:26
2019_R.log,,538,$R,R,24,R.I,Indianapolis 500,IMS,Race,R,26/11/19 12:26
2019_R.log,,539,$R,R,24,R.I,Indianapolis 500,IMS,Race,R,26/11/19 12:26
2019_R.log,,540,$R,R,24,R.I,Indianapolis 500,IMS,Race,R,26/11/19 12:26
2019_R.log,,541,$R,R,24,R.I,Indianapolis 500,IMS,Race,R,26/11/19 12:26
2019_R.log,,542,$R,R,24,R.I,Indianapolis 500,IMS,Race,R,26/11/19 12:26
2019_R.log,,543,$R,R,24,R.I,Indianapolis 500,IMS,Race,R,26/11/19 12:26
2019_R.log,,544,$R,R,24,R.I,Indianapolis 500,IMS,Race,R,26/11/19 12:26
2019_R.log,,545,$R,R,24,R.I,Indianapolis 500,IMS,Race,R,26/11/19 12:26
2019_R.log,,546,$R,R,24,R.I,Indianapolis 500,IMS,Race,R,26/11/19 12:26
2019_R.log,,547,$R,R,24,R.I,Indianapolis 500,IMS,Race,R,26/11/19 12:26
2019_R.log,,548,$R,R,24,R.I,Indianapolis 500,IMS,Race,R,26/11/19 12:26
2019_R.log,,549,$R,R,24,R.I,Indianapolis 500,IMS,Race,R,26/11/19 12:26
2019_R.log,,550,$R,R,24,R.I,Indianapolis 500,IMS,Race,R,26/11/19 12:26
2019_R.log,,551,$R,R,24,R.I,Indianapolis 500,IMS,Race,R,26/11/19 12:26
2019_R.log,,552,$R,R,24,R.I,Indianapolis 500,IMS,Race,R,26/11/19 12:26
2019_R.log,,553,$R,R,24,R.I,Indianapolis 500,IMS,Race,R,26/11/19 12:26
2019_R.log,,554,$R,R,24,R.I,Indianapolis 500,IMS,Race,R,26/11/19 12:26
2019_R.log,,555,$R,R,24,R.I,Indianapolis 500,IMS,Race,R,26/11/19 12:26
2019_R.log,,556,$R,R,24,R.I,Indianapolis 500,IMS,Race,R,26/11/19 12:26
2019_R.log,,557,$R,R,24,R.I,Indianapolis 500,IMS,Race,R,26/11/19 12:26
2019_R.log,,558,$R,R,24,R.I,Indianapolis 500,IMS,Race,R,26/11/19 12:26
2019_R.log,,559,$R,R,24,R.I,Indianapolis 500,IMS,Race,R,26/11/19 12:26
2019_R.log,,560,$R,R,24,R.I,Indianapolis 500,IMS,Race,R,26/11/19 12:26
2019_R.log,,561,$R,R,24,R.I,Indianapolis 500,IMS,Race,R,26/11/19 12:26
2019_R.log,,562,$R,R,24,R.I,Indianapolis 500,IMS,Race,R,26/11/19 12:26
2019_R.log,,563,$R,R,24,R.I,Indianapolis 500,IMS,Race,R,26/11/19 12:26
2019_R.log,,564,$R,R,24,R.I,Indianapolis 500,IMS,Race,R,26/11/19 12:26
2019_R.log,,565,$R,R,24,R.I,Indianapolis 500,IMS,Race,R,26/11/19 12:26
2019_R.log,,566,$R,R,24,R.I,Indianapolis 500,IMS,Race,R,26/11/19 12:26
2019_R.log,,567,$R,R,24,R.I,Indianapolis 500,IMS,Race,R,26/11/19 12:26
2019_R.log,,568,$R,R,24,R.I,Indianapolis 500,IMS,Race,R,26/11/19 12:26
2019_R.log,,569,$R,R,24,R.I,Indianapolis 500,IMS,Race,R,26/11/19 12:26
2019_R.log,,570,$R,R,24,R.I,Indianapolis 500,IMS,Race,R,26/11/19 12:26
2019_R.log,,571,$R,R,24,R.I,Indianapolis 500,IMS,Race,R,26/11/19 12:26
2019_R.log,,572,$R,R,24,R.I,Indianapolis 500,IMS,Race,R,26/11/19 12:26
2019_R.log,,573,$R,R,24,R.I,Indianapolis 500,IMS,Race,R,26/11/19 12:26
2019_R.log,,574,$R,R,24,R.I,Indianapolis 500,IMS,Race,R,26/11/19 12:26
2019_R.log,,575,$R,R,24,R.I,Indianapolis 500,IMS,Race,R,26/11/19 12:26
2019_R.log,,576,$R,R,24,R.I,Indianapolis 500,IMS,Race,R,26/11/19 12:26
2019_R.log,,577,$R,R,24,R.I,Indianapolis 500,IMS,Race,R,26/11/19 12:26
2019_R.log,,578,$R,R,24,R.I,Indianapolis 500,IMS,Race,R,26/11/19 12:26
2019_R.log,,579,$R,R,24,R.I,Indianapolis 500,IMS,Race,R,26/11/19 12:26
2019_R.log,,580,$R,R,24,R.I,Indianapolis 500,IMS,Race,R,26/11/19 12:26
2019_R.log,,581,$R,R,24,R.I,Indianapolis 500,IMS,Race,R,26/11/19 12:26
2019_R.log,,582,$R,R,24,R.I,Indianapolis 500,IMS,Race,R,26/11/19 12:26
2019_R.log,,583,$R,R,24,R.I,Indianapolis 500,IMS,Race,R,26/11/19 12:26
2019_R.log,,584,$R,R,24,R.I,Indianapolis 500,IMS,Race,R,26/11/19 12:26
2019_R.log,,585,$R,R,24,R.I,Indianapolis 500,IMS,Race,R,26/11/19 12:26
2019_R.log,,586,$R,R,24,R.I,Indianapolis 500,IMS,Race,R,26/11/19 12:26
2019_R.log,,587,$R,R,24,R.I,Indianapolis 500,IMS,Race,R,26/11/19 12:26
2019_R.log,,588,$R,R,24,R.I,Indianapolis 500,IMS,Race,R,26/11/19 12:26
2019_R.log,,589,$R,R,24,R.I,Indianapolis 500,IMS,Race,R,26/11/19 12:26
2019_R.log,,590,$R,R,24,R.I,Indianapolis 500,IMS,Race,R,26/11/19 12:26
2019_R.log,,591,$R,R,24,R.I,Indianapolis 500,IMS,Race,R,26/11/19 12:26
2019_R.log,,592,$R,R,24,R.I,Indianapolis 500,IMS,Race,R,26/11/19 12:26
2019_R.log,,593,$R,R,24,R.I,Indianapolis 500,IMS,Race,R,26/11/19 12:26
2019_R.log,,594,$R,R,24,R.I,Indianapolis 500,IMS,Race,R,26/11/19 12:26
2019_R.log,,595,$R,R,24,R.I,Indianapolis 500,IMS,Race,R,26/11/19 12:26
2019_R.log,,596,$R,R,24,R.I,Indianapolis 500,IMS,Race,R,26/11/19 12:26
2019_R.log,,597,$R,R,24,R.I,Indianapolis 500,IMS,Race,R,26/11/19 12:26
2019_R.log,,598,$R,R,24,R.I,Indianapolis 500,IMS,Race,R,26/11/19 12:26
2019_R.log,,599,$R,R,24,R.I,Indianapolis 500,IMS,Race,R,26/11/19 12:26
2019_R.log,,600,$R,R,24,R.I,Indianapolis 500,IMS,Race,R,26/11/19 12:26
2019_R.log,,601,$R,R,24,R.I,Indianapolis 500,IMS,Race,R,26/11/19 12:26
2019_R.log,,602,$R,R,24,R.I,Indianapolis 500,IMS,Race,R,26/11/19 12:26
2019_R.log,,603,$R,R,24,R.I,Indianapolis 500,IMS,Race,R,26/11/19 12:26
2019_R.log,,604,$R,R,24,R.I,Indianapolis 500,IMS,Race,R,26/11/19 12:26
2019_R.log,,605,$R,R,24,R.I,Indianapolis 500,IMS,Race,R,26/11/19 12:26
2019_R.log,,606,$R,R,24,R.I,Indianapolis 500,IMS,Race,R,26/11/19 12:26
2019_R.log,,607,$R,R,24,R.I,Indianapolis 500,IMS,Race,R,26/11/19 12:26
2019_R.log,,608,$R,R,24,R.I,Indianapolis 500,IMS,Race,R,26/11/19 12:26
2019_R.log,,609,$R,R,24,R.I,Indianapolis 500,IMS,Race,R,26/11/19 12:26
2019_R.log,,610,$R,R,24,R.I,Indianapolis 500,IMS,Race,R,26/11/19 12:26
2019_R.log,,611,$R,R,24,R.I,Indianapolis 500,IMS,Race,R,26/11/19 12:26
2019_R.log,,612,$R,R,24,R.I,Indianapolis 500,IMS,Race,R,26/11/19 12:26
2019_R.log,,613,$R,R,24,R.I,Indianapolis 500,IMS,Race,R,26/11/19 12:26
2019_R.log,,614,$R,R,24,R.I,Indianapolis 500,IMS,Race,R,26/11/19 12:26
2019_R.log,,615,$R,R,24,R.I,Indianapolis 500,IMS,Race,R,26/11/19 12:26
2019_R.log,,616,$R,R,24,R.I,Indianapolis 500,IMS,Race,R,26/11/19 12:26
2019_R.log,,617,$R,R,24,R.I,Indianapolis 500,IMS,Race,R,26/11/19 12:26
2019_R.log,,618,$R,R,24,R.I,Indianapolis 500,IMS,Race,R,26/11/19 12:26
2019_R.log,,619,$R,R,24,R.I,Indianapolis 500,IMS,Race,R,26/11/19 12:26
2019_R.log,,620,$R,R,24,R.I,Indianapolis 500,IMS,Race,R,26/11/19 12:26
2019_R.log,,621,$R,R,24,R.I,Indianapolis 500,IMS,Race,R,26/11/19 12:26
2019_R.log,,622,$R,R,24,R.I,Indianapolis 500,IMS,Race,R,26/11/19 12:26
2019_R.log,,623,$R,R,24,R.I,Indianapolis 500,IMS,Race,R,26/11/19 12:26
2019_R.log,,624,$R,R,24,R.I,Indianapolis 500,IMS,Race,R,26/11/19 12:26
2019_R.log,,625,$R,R,24,R.I,Indianapolis 500,IMS,Race,R,26/11/19 12:26
2019_R.log,,626,$R,R,24,R.I,Indianapolis 500,IMS,Race,R,26/11/19 12:26
2019_R.log,,627,$R,R,24,R.I,Indianapolis 500,IMS,Race,R,26/11/19 12:26
2019_R.log,,628,$R,R,24,R.I,Indianapolis 500,IMS,Race,R,26/11/19 12:26
2019_R.log,,629,$R,R,24,R.I,Indianapolis 500,IMS,Race,R,26/11/19 12:26
2019_R.log,,630,$R,R,24,R.I,Indianapolis 500,IMS,Race,R,26/11/19 12:26
2019_R.log,,631,$R,R,24,R.I,Indianapolis 500,IMS,Race,R,26/11/19 12:26